insert into public.study_tracks (id, name, description, icon_key, color_hex, roadmap_summary)
values
  ('track-data-engineer', 'Data Engineer', 'Pipelines, modelagem analitica, cloud data stack e governanca.', 'database', '#005F73', 'Fundamentos de SQL, ETL, orquestracao, modelagem analitica e observabilidade.'),
  ('track-backend-python', 'Backend Python', 'APIs robustas, arquitetura, testes, filas e observabilidade.', 'server', '#2EC5FF', 'HTTP, FastAPI ou Django, bancos relacionais, filas, cache e deploy.'),
  ('track-backend-php', 'Backend PHP', 'Laravel moderno, APIs, filas, testes e aplicacoes de negocio.', 'code', '#FFC857', 'PHP moderno, Laravel, arquitetura em camadas, filas e deploy.'),
  ('track-frontend-react', 'Front-end React', 'Interfaces modernas, performance, componentizacao e testes.', 'monitor', '#35D39A', 'HTML, CSS, JavaScript, React, estado, design system e deploy front.'),
  ('track-full-stack', 'Full Stack', 'Fluxo ponta a ponta com front, back, banco e deploy.', 'layers', '#7B61FF', 'Base web, API, banco, autenticacao, deploy e produto completo.'),
  ('track-devops', 'DevOps', 'Automacao, infraestrutura, containers, pipelines e observabilidade.', 'cloud', '#118AB2', 'Linux, redes, Docker, CI/CD, cloud e monitoramento.'),
  ('track-bi-analyst', 'BI / Data Analyst', 'Analise, metricas, visualizacao, storytelling e produto.', 'chart', '#FFB703', 'SQL, metricas, dashboards, estatistica aplicada e storytelling.'),
  ('track-backend-java', 'Backend Java', 'APIs enterprise com Java, Spring, mensageria, testes e observabilidade.', 'server', '#E76F51', 'Java moderno, Spring Boot, persistencia, filas, seguranca e escala.'),
  ('track-backend-dotnet', 'Backend .NET', 'APIs com C#, ASP.NET Core, arquitetura limpa, testes e cloud.', 'code', '#5A189A', 'C#, ASP.NET Core, Entity Framework, filas, cloud e monitoramento.'),
  ('track-mobile-flutter', 'Mobile Flutter', 'Apps multiplataforma com Flutter, UX nativa, estado e publicacao.', 'monitor', '#00B4D8', 'Dart, Flutter, estado, integracao com APIs, offline first e release.'),
  ('track-qa-automation', 'QA Automation', 'Qualidade de software com estrategia, automacao, performance e CI.', 'book', '#90BE6D', 'Teste manual, automacao web e API, qualidade continua e observabilidade.'),
  ('track-cybersecurity', 'Cybersecurity', 'Seguranca ofensiva e defensiva, AppSec, IAM, monitoramento e resposta.', 'layers', '#EF476F', 'Redes, vulnerabilidades, hardening, identidade, SIEM e incident response.'),
  ('track-cloud-platform', 'Cloud Platform', 'Infraestrutura moderna com cloud, IaC, Kubernetes, redes e custo.', 'cloud', '#4EA8DE', 'AWS, Azure ou GCP, redes, Terraform, containers e operacao de plataforma.'),
  ('track-data-science-ml', 'Data Science / ML', 'Modelagem estatistica, machine learning, experimentos e deploy de modelos.', 'chart', '#8338EC', 'Python, estatistica, feature engineering, treinamento, avaliacao e MLOps.'),
  ('track-ai-engineering', 'AI Engineering', 'Aplicacoes com LLM, RAG, avaliacoes, agentes e operacao em producao.', 'rocket', '#F3722C', 'LLMs, prompt engineering, RAG, evals, safety, custo e integracao com produto.'),
  ('track-database-admin', 'Database Administrator', 'Administracao de bancos, backup, replicacao, tuning e alta disponibilidade.', 'database', '#3A86FF', 'SQL, operacao, performance, seguranca, backup e recuperacao.'),
  ('track-network-infra', 'Network & Infrastructure', 'Redes corporativas, roteamento, firewall, servicos e infraestrutura base.', 'server', '#577590', 'TCP/IP, switching, routing, VPN, DNS, servicos e troubleshooting.'),
  ('track-linux-systems', 'Linux & Systems', 'Administracao Linux, automacao, processos, servicos e troubleshooting.', 'cloud', '#06D6A0', 'Shell, usuarios, servicos, automacao, logs, backups e diagnostico.'),
  ('track-ui-ux', 'UI / UX Design', 'Pesquisa, arquitetura de informacao, interfaces, design system e prototipacao.', 'monitor', '#FF6B6B', 'Pesquisa com usuario, fluxos, componentes, handoff e medicao de experiencia.'),
  ('track-it-support', 'IT Support', 'Suporte tecnico, diagnostico, endpoint management, redes e atendimento.', 'book', '#6C757D', 'Hardware, sistemas operacionais, redes, tickets, inventario e padroes de atendimento.')
on conflict (id) do update set
  name = excluded.name,
  description = excluded.description,
  icon_key = excluded.icon_key,
  color_hex = excluded.color_hex,
  roadmap_summary = excluded.roadmap_summary,
  updated_at = timezone('utc', now());

insert into public.study_skills (id, track_id, name, description, target_level, sort_order)
values
  ('skill-de-sql', 'track-data-engineer', 'SQL Analitico', 'Consultas, CTEs, joins, tuning e modelagem.', 'mid_level', 1),
  ('skill-de-python', 'track-data-engineer', 'Python para Dados', 'ETL, APIs, testes e automacoes.', 'mid_level', 2),
  ('skill-de-orchestration', 'track-data-engineer', 'Orquestracao', 'DAGs, jobs agendados e reprocessamento.', 'junior', 3),
  ('skill-de-cloud', 'track-data-engineer', 'Cloud Data', 'Storage, warehouse, IAM e custos.', 'junior', 4),
  ('skill-bpy-python', 'track-backend-python', 'Python', 'Sintaxe, tipagem, testes e clean code.', 'mid_level', 1),
  ('skill-bpy-api', 'track-backend-python', 'APIs REST', 'Versionamento, autenticacao e documentacao.', 'mid_level', 2),
  ('skill-bpy-db', 'track-backend-python', 'Banco Relacional', 'SQL, ORM, migrations e performance.', 'junior', 3),
  ('skill-bpy-ops', 'track-backend-python', 'Deploy e Observabilidade', 'Logs, metricas, Docker e CI/CD.', 'junior', 4),
  ('skill-bphp-php', 'track-backend-php', 'PHP Moderno', 'POO, Composer, tipagem e boas praticas.', 'mid_level', 1),
  ('skill-bphp-laravel', 'track-backend-php', 'Laravel', 'Eloquent, jobs, events e auth.', 'mid_level', 2),
  ('skill-bphp-sql', 'track-backend-php', 'MySQL e Postgres', 'Queries, indices e tuning.', 'junior', 3),
  ('skill-bphp-tests', 'track-backend-php', 'Testes', 'Feature tests, unit tests e contratos.', 'junior', 4),
  ('skill-fr-react', 'track-frontend-react', 'React', 'Hooks, arquitetura e roteamento.', 'mid_level', 1),
  ('skill-fr-typescript', 'track-frontend-react', 'TypeScript', 'Tipos, inferencia e modelagem.', 'junior', 2),
  ('skill-fr-ui', 'track-frontend-react', 'UI Engineering', 'Layout responsivo, acessibilidade e motion.', 'mid_level', 3),
  ('skill-fr-tests', 'track-frontend-react', 'Testes Front-end', 'Unitarios, integracao e e2e.', 'junior', 4),
  ('skill-fs-front', 'track-full-stack', 'Front-end', 'React, UI e consumo de APIs.', 'junior', 1),
  ('skill-fs-back', 'track-full-stack', 'Back-end', 'APIs, auth e regras de negocio.', 'junior', 2),
  ('skill-fs-db', 'track-full-stack', 'Banco de Dados', 'Modelagem e queries eficientes.', 'junior', 3),
  ('skill-fs-product', 'track-full-stack', 'Entrega de Produto', 'Deploy, feedback e evolucao.', 'junior', 4),
  ('skill-do-linux', 'track-devops', 'Linux e Shell', 'Base operacional e automacao.', 'junior', 1),
  ('skill-do-docker', 'track-devops', 'Containers', 'Docker, registries e imagens.', 'mid_level', 2),
  ('skill-do-cicd', 'track-devops', 'CI/CD', 'Pipelines, quality gates e deploy.', 'mid_level', 3),
  ('skill-do-observability', 'track-devops', 'Observabilidade', 'Logs, metricas, tracing e alertas.', 'junior', 4),
  ('skill-bi-sql', 'track-bi-analyst', 'SQL', 'Consultas, janelas e limpeza de dados.', 'mid_level', 1),
  ('skill-bi-metrics', 'track-bi-analyst', 'Metricas', 'KPIs, funis e analise de negocio.', 'mid_level', 2),
  ('skill-bi-viz', 'track-bi-analyst', 'Visualizacao', 'Dashboards claros e tomada de decisao.', 'junior', 3),
  ('skill-bi-storytelling', 'track-bi-analyst', 'Storytelling', 'Comunicacao executiva e insight acionavel.', 'junior', 4),
  ('skill-bj-java', 'track-backend-java', 'Java Moderno', 'Colecoes, streams, concorrencia e clean code.', 'mid_level', 1),
  ('skill-bj-spring', 'track-backend-java', 'Spring Boot', 'REST, seguranca, configuracao e arquitetura.', 'mid_level', 2),
  ('skill-bj-data', 'track-backend-java', 'Persistencia', 'JPA, SQL, migrations e performance.', 'junior', 3),
  ('skill-bj-ops', 'track-backend-java', 'Mensageria e Observabilidade', 'Kafka, logs, metricas e tracing.', 'junior', 4),
  ('skill-bdn-csharp', 'track-backend-dotnet', 'C#', 'Sintaxe moderna, LINQ, async e boas praticas.', 'mid_level', 1),
  ('skill-bdn-aspnet', 'track-backend-dotnet', 'ASP.NET Core', 'REST, autenticacao, middlewares e versionamento.', 'mid_level', 2),
  ('skill-bdn-data', 'track-backend-dotnet', 'Dados', 'EF Core, SQL, migrations e tuning.', 'junior', 3),
  ('skill-bdn-cloud', 'track-backend-dotnet', 'Entrega e Cloud', 'Docker, Azure, logs e telemetria.', 'junior', 4),
  ('skill-mf-dart', 'track-mobile-flutter', 'Dart', 'Sintaxe, orientacao a objetos, async e colecoes.', 'junior', 1),
  ('skill-mf-ui', 'track-mobile-flutter', 'Flutter UI', 'Widgets, layout responsivo e acessibilidade.', 'mid_level', 2),
  ('skill-mf-state', 'track-mobile-flutter', 'Gerencia de Estado', 'Riverpod, arquitetura e ciclo de vida.', 'mid_level', 3),
  ('skill-mf-release', 'track-mobile-flutter', 'Entrega Mobile', 'Builds, analytics, crash reports e stores.', 'junior', 4),
  ('skill-qa-strategy', 'track-qa-automation', 'Estrategia de Qualidade', 'Piramide de testes, riscos e criterios de aceite.', 'junior', 1),
  ('skill-qa-api', 'track-qa-automation', 'Testes de API', 'Contratos, colecoes, mocks e automacao.', 'mid_level', 2),
  ('skill-qa-ui', 'track-qa-automation', 'Automacao UI', 'Playwright, Cypress e estabilidade de suite.', 'mid_level', 3),
  ('skill-qa-performance', 'track-qa-automation', 'Performance e Qualidade Continua', 'Carga, rastreabilidade e pipelines.', 'junior', 4),
  ('skill-cs-network', 'track-cybersecurity', 'Fundamentos de Rede', 'TCP/IP, DNS, HTTP e superficies de ataque.', 'junior', 1),
  ('skill-cs-appsec', 'track-cybersecurity', 'AppSec', 'OWASP, autenticacao, secrets e seguranca em SDLC.', 'mid_level', 2),
  ('skill-cs-iam', 'track-cybersecurity', 'IAM e Hardening', 'Acesso minimo, MFA, politicas e configuracao segura.', 'junior', 3),
  ('skill-cs-detection', 'track-cybersecurity', 'Deteccao e Resposta', 'Logs, alertas, SIEM e investigacao.', 'junior', 4),
  ('skill-cp-cloud', 'track-cloud-platform', 'Cloud Core', 'Compute, storage, redes, IAM e servicos gerenciados.', 'junior', 1),
  ('skill-cp-terraform', 'track-cloud-platform', 'Infra as Code', 'Terraform, modulos, estado e automacao.', 'mid_level', 2),
  ('skill-cp-k8s', 'track-cloud-platform', 'Kubernetes', 'Deployments, services, ingress e operacao.', 'mid_level', 3),
  ('skill-cp-finops', 'track-cloud-platform', 'FinOps e Governanca', 'Custos, tagging, quotas e padroes.', 'junior', 4),
  ('skill-ds-python', 'track-data-science-ml', 'Python para Ciencia de Dados', 'Numpy, pandas, notebooks e reproducao.', 'mid_level', 1),
  ('skill-ds-stats', 'track-data-science-ml', 'Estatistica Aplicada', 'Probabilidade, inferencia, testes e experimentos.', 'mid_level', 2),
  ('skill-ds-ml', 'track-data-science-ml', 'Machine Learning', 'Modelos supervisionados, validacao e tuning.', 'mid_level', 3),
  ('skill-ds-mle', 'track-data-science-ml', 'MLOps', 'Deploy, monitoramento, drift e ciclo de modelos.', 'junior', 4),
  ('skill-ai-llm', 'track-ai-engineering', 'LLM Apps', 'Prompts, ferramentas, cadeias e UX conversacional.', 'mid_level', 1),
  ('skill-ai-rag', 'track-ai-engineering', 'RAG e Busca', 'Embeddings, chunking, retrieval e grounding.', 'mid_level', 2),
  ('skill-ai-evals', 'track-ai-engineering', 'Avaliacao', 'Metrica, datasets, regressao e criterios de qualidade.', 'mid_level', 3),
  ('skill-ai-ops', 'track-ai-engineering', 'AI Ops', 'Custos, observabilidade, seguranca e operacao.', 'junior', 4),
  ('skill-dba-sql', 'track-database-admin', 'SQL e Modelagem', 'Esquema, integridade, indexes e consulta.', 'mid_level', 1),
  ('skill-dba-admin', 'track-database-admin', 'Administracao', 'Usuarios, permissao, jobs e manutencao.', 'junior', 2),
  ('skill-dba-tuning', 'track-database-admin', 'Performance', 'Planos de execucao, cache e tuning.', 'mid_level', 3),
  ('skill-dba-recovery', 'track-database-admin', 'Backup e Recuperacao', 'Rotinas, replicacao e DR.', 'junior', 4),
  ('skill-ni-networking', 'track-network-infra', 'Fundamentos de Rede', 'Modelo OSI, IP, sub-redes e protocolos.', 'junior', 1),
  ('skill-ni-routing', 'track-network-infra', 'Routing e Switching', 'VLAN, roteamento, redundancia e segmentacao.', 'mid_level', 2),
  ('skill-ni-security', 'track-network-infra', 'Firewall e Acesso', 'ACLs, VPN, NAT e politicas.', 'junior', 3),
  ('skill-ni-services', 'track-network-infra', 'Servicos de Infra', 'DNS, DHCP, proxy e monitoramento.', 'junior', 4),
  ('skill-ls-linux', 'track-linux-systems', 'Linux Core', 'Filesystem, usuarios, permissoes e processos.', 'junior', 1),
  ('skill-ls-shell', 'track-linux-systems', 'Shell Scripting', 'Bash, pipes, scripts e automacao.', 'junior', 2),
  ('skill-ls-automation', 'track-linux-systems', 'Automacao de Sistema', 'Cron, services, provisionamento e configuracao.', 'mid_level', 3),
  ('skill-ls-monitoring', 'track-linux-systems', 'Monitoramento e Troubleshooting', 'Logs, recursos, rede e incidentes.', 'junior', 4),
  ('skill-ux-research', 'track-ui-ux', 'Research', 'Entrevistas, sintese, personas e descoberta.', 'junior', 1),
  ('skill-ux-ia', 'track-ui-ux', 'Arquitetura de Informacao', 'Fluxos, hierarquia e navegacao.', 'junior', 2),
  ('skill-ux-design-system', 'track-ui-ux', 'Design System', 'Tokens, componentes, acessibilidade e consistencia.', 'mid_level', 3),
  ('skill-ux-prototype', 'track-ui-ux', 'Prototipacao e Handoff', 'Figma, prototipos, testes e especificacao.', 'junior', 4),
  ('skill-its-operating', 'track-it-support', 'Sistemas Operacionais', 'Windows, Linux, instalacao e configuracao.', 'junior', 1),
  ('skill-its-network', 'track-it-support', 'Redes e Acesso', 'Wi-Fi, VPN, DNS e diagnostico basico.', 'junior', 2),
  ('skill-its-ticketing', 'track-it-support', 'Processo de Suporte', 'Tickets, SLA, documentacao e comunicacao.', 'junior', 3),
  ('skill-its-endpoint', 'track-it-support', 'Endpoints e Inventario', 'Dispositivos, politicas e ciclo de vida.', 'junior', 4)
on conflict (id) do update set
  track_id = excluded.track_id,
  name = excluded.name,
  description = excluded.description,
  target_level = excluded.target_level,
  sort_order = excluded.sort_order,
  updated_at = timezone('utc', now());

insert into public.study_modules (id, track_id, title, summary, estimated_hours, sort_order, is_core)
values
  ('module-de-sql', 'track-data-engineer', 'SQL Profissional', 'Domine SQL para engenharia e analytics.', 18, 1, true),
  ('module-de-python-etl', 'track-data-engineer', 'ETL com Python', 'Extracao, transformacao, testes e observabilidade.', 22, 2, true),
  ('module-de-airflow', 'track-data-engineer', 'Orquestracao de Pipelines', 'Airflow, retries, SLA e deploy.', 16, 3, true),
  ('module-de-warehouse', 'track-data-engineer', 'Data Warehouse e Modelagem', 'Star schema, particionamento e governanca.', 20, 4, true),
  ('module-bpy-foundations', 'track-backend-python', 'Fundamentos Python', 'Base solida, typing e testes.', 14, 1, true),
  ('module-bpy-fastapi', 'track-backend-python', 'APIs com FastAPI', 'Rotas, validacao, auth e documentacao.', 20, 2, true),
  ('module-bpy-postgres', 'track-backend-python', 'Persistencia com Postgres', 'Modelagem, migrations e queries.', 16, 3, true),
  ('module-bpy-background', 'track-backend-python', 'Background Jobs e Deploy', 'Filas, Docker, logging e deploy.', 18, 4, false),
  ('module-bphp-core', 'track-backend-php', 'Core PHP', 'Base solida com Composer e POO.', 12, 1, true),
  ('module-bphp-laravel-api', 'track-backend-php', 'Laravel API', 'Controllers, resources, auth e filas.', 22, 2, true),
  ('module-bphp-data', 'track-backend-php', 'Persistencia e Cache', 'Migrations, cache e performance.', 16, 3, true),
  ('module-bphp-ops', 'track-backend-php', 'Deploy e Observabilidade', 'CI/CD, Horizon, logs e monitoramento.', 14, 4, false),
  ('module-fr-js-ts', 'track-frontend-react', 'JavaScript e TypeScript', 'Base de linguagem para aplicacoes ricas.', 18, 1, true),
  ('module-fr-react', 'track-frontend-react', 'React Profissional', 'Hooks, estado e arquitetura.', 24, 2, true),
  ('module-fr-design-system', 'track-frontend-react', 'Design System e UX', 'Tokens, componentes e acessibilidade.', 14, 3, true),
  ('module-fr-testing', 'track-frontend-react', 'Qualidade Front-end', 'Testes, performance e monitoramento.', 12, 4, false),
  ('module-fs-web', 'track-full-stack', 'Fundamentos Web', 'HTTP, HTML, CSS e JavaScript.', 16, 1, true),
  ('module-fs-app', 'track-full-stack', 'Aplicacao Completa', 'Front-end, back-end e auth.', 26, 2, true),
  ('module-fs-db', 'track-full-stack', 'Persistencia e Deploy', 'Banco, Docker e publicacao.', 18, 3, true),
  ('module-fs-scale', 'track-full-stack', 'Escala e Observabilidade', 'Logs, metricas e iteracao.', 12, 4, false),
  ('module-do-linux', 'track-devops', 'Linux e Redes', 'Base operacional para ambiente real.', 14, 1, true),
  ('module-do-docker', 'track-devops', 'Docker e Containers', 'Imagens, compose e boas praticas.', 18, 2, true),
  ('module-do-cicd', 'track-devops', 'Pipelines CI/CD', 'Automacao de build, testes e deploy.', 18, 3, true),
  ('module-do-cloud', 'track-devops', 'Cloud e Observabilidade', 'Infra basica, monitoramento e custos.', 20, 4, true),
  ('module-bi-sql', 'track-bi-analyst', 'SQL para Analytics', 'Transformacoes, KPIs e camadas semanticas.', 16, 1, true),
  ('module-bi-metrics', 'track-bi-analyst', 'Metricas de Produto e Negocio', 'Definicao, interpretacao e analise.', 14, 2, true),
  ('module-bi-dashboard', 'track-bi-analyst', 'Dashboards Executivos', 'Visualizacao, narrativa e decisoes.', 18, 3, true),
  ('module-bi-case', 'track-bi-analyst', 'Case Analitico', 'Projeto fim a fim orientado a negocio.', 16, 4, false),
  ('module-bj-java-core', 'track-backend-java', 'Java Core', 'Base moderna de linguagem, testes e padroes.', 18, 1, true),
  ('module-bj-spring', 'track-backend-java', 'APIs com Spring Boot', 'Controllers, services, auth e documentacao.', 24, 2, true),
  ('module-bj-persistence', 'track-backend-java', 'Persistencia e Integracoes', 'JPA, SQL, cache e integracoes externas.', 20, 3, true),
  ('module-bj-messaging', 'track-backend-java', 'Mensageria e Escala', 'Filas, eventos, resiliencia e observabilidade.', 18, 4, false),
  ('module-bdn-csharp', 'track-backend-dotnet', 'Fundamentos C#', 'Base solida de linguagem, testes e async.', 16, 1, true),
  ('module-bdn-aspnet', 'track-backend-dotnet', 'APIs com ASP.NET Core', 'Controllers, identity, middlewares e contratos.', 22, 2, true),
  ('module-bdn-data', 'track-backend-dotnet', 'Persistencia com EF Core', 'Relacionamentos, consultas e migrations.', 18, 3, true),
  ('module-bdn-cloud', 'track-backend-dotnet', 'Deploy, Mensageria e Monitoramento', 'Containers, filas, Azure e observabilidade.', 18, 4, false),
  ('module-mf-dart', 'track-mobile-flutter', 'Fundamentos Dart', 'Base de linguagem e padroes usados no Flutter.', 14, 1, true),
  ('module-mf-flutter', 'track-mobile-flutter', 'Flutter Profissional', 'Widgets, navegacao, temas e experiencia nativa.', 24, 2, true),
  ('module-mf-state', 'track-mobile-flutter', 'Arquitetura e Estado', 'Riverpod, testes, offline first e repositorios.', 18, 3, true),
  ('module-mf-release', 'track-mobile-flutter', 'Integracoes e Release', 'APIs, autenticacao, analytics e publicacao.', 16, 4, false),
  ('module-qa-foundations', 'track-qa-automation', 'Fundamentos de QA', 'Processo, bugs, cobertura e qualidade por risco.', 12, 1, true),
  ('module-qa-api', 'track-qa-automation', 'Automacao de APIs', 'REST, contratos, dados de teste e suites.', 18, 2, true),
  ('module-qa-ui', 'track-qa-automation', 'Automacao End-to-End', 'Playwright, seletores, fixtures e paralelismo.', 20, 3, true),
  ('module-qa-performance', 'track-qa-automation', 'Performance e CI', 'Testes de carga, relatorios e gates de release.', 16, 4, false),
  ('module-cs-network', 'track-cybersecurity', 'Redes e Ameacas', 'Protocolos, arquitetura e vetores de ataque.', 16, 1, true),
  ('module-cs-appsec', 'track-cybersecurity', 'Seguranca de Aplicacoes', 'OWASP Top 10, SDLC seguro e revisao tecnica.', 20, 2, true),
  ('module-cs-iam', 'track-cybersecurity', 'IAM e Hardening', 'Controles de acesso, secrets, backup e baseline segura.', 16, 3, true),
  ('module-cs-detection', 'track-cybersecurity', 'Monitoramento e Resposta', 'SIEM, playbooks e tratamento de incidentes.', 18, 4, false),
  ('module-cp-cloud', 'track-cloud-platform', 'Fundamentos de Cloud', 'Construa base de arquitetura e seguranca em cloud.', 18, 1, true),
  ('module-cp-terraform', 'track-cloud-platform', 'Terraform na Pratica', 'Provisionamento, reuso, pipelines e padroes.', 18, 2, true),
  ('module-cp-k8s', 'track-cloud-platform', 'Kubernetes Operacional', 'Workloads, observabilidade, segredo e rollout.', 22, 3, true),
  ('module-cp-governance', 'track-cloud-platform', 'Governanca e Custos', 'FinOps, compliance, rede e plataforma compartilhada.', 16, 4, false),
  ('module-ds-python', 'track-data-science-ml', 'Python e Analise Exploratoria', 'Limpeza, visualizacao e reproducao de dados.', 18, 1, true),
  ('module-ds-stats', 'track-data-science-ml', 'Estatistica para Produto', 'Hipoteses, testes, metricas e variabilidade.', 16, 2, true),
  ('module-ds-ml', 'track-data-science-ml', 'Modelagem de ML', 'Treino, avaliacao, features e interpretacao.', 22, 3, true),
  ('module-ds-mlops', 'track-data-science-ml', 'MLOps e Producao', 'Servir modelos, monitorar e iterar com seguranca.', 18, 4, false),
  ('module-ai-llm', 'track-ai-engineering', 'Fundamentos de LLM', 'Capacidades, limites, prompting e design de fluxo.', 14, 1, true),
  ('module-ai-rag', 'track-ai-engineering', 'RAG em Producao', 'Indexacao, retrieval, citacoes e atualizacao de base.', 20, 2, true),
  ('module-ai-evals', 'track-ai-engineering', 'Evals e Qualidade', 'Benchmarks, avaliacao automatica e revisao humana.', 18, 3, true),
  ('module-ai-ops', 'track-ai-engineering', 'Operacao de AI', 'Seguranca, custo, rate limits e governanca.', 16, 4, false),
  ('module-dba-sql', 'track-database-admin', 'Base de Dados Relacionais', 'Modelagem, constraints e consistencia.', 16, 1, true),
  ('module-dba-admin', 'track-database-admin', 'Operacao de Banco', 'Roles, jobs, manutencao e automacao.', 16, 2, true),
  ('module-dba-tuning', 'track-database-admin', 'Tuning e Diagnostico', 'Analise de queries, indices e gargalos.', 18, 3, true),
  ('module-dba-recovery', 'track-database-admin', 'Backup, Replicacao e DR', 'Alta disponibilidade e recuperacao segura.', 18, 4, false),
  ('module-ni-network', 'track-network-infra', 'Redes na Pratica', 'Enderecamento, troubleshooting e topologias.', 18, 1, true),
  ('module-ni-routing', 'track-network-infra', 'Routing e Switching', 'VLAN, STP, OSPF e boas praticas.', 20, 2, true),
  ('module-ni-security', 'track-network-infra', 'Seguranca Perimetral', 'Firewall, VPN e segmentacao segura.', 16, 3, true),
  ('module-ni-services', 'track-network-infra', 'Servicos e Operacao', 'DNS, DHCP, NTP, proxy e observabilidade.', 16, 4, false),
  ('module-ls-linux', 'track-linux-systems', 'Administracao Linux', 'Base operacional para servidores e estacoes.', 16, 1, true),
  ('module-ls-shell', 'track-linux-systems', 'Shell e Automacao', 'Scripts reutilizaveis e produtividade operacional.', 14, 2, true),
  ('module-ls-services', 'track-linux-systems', 'Servicos e Provisionamento', 'Systemd, tarefas e padroes de configuracao.', 16, 3, true),
  ('module-ls-troubleshooting', 'track-linux-systems', 'Diagnostico e Monitoramento', 'Analise de logs, recursos e falhas.', 16, 4, false),
  ('module-ux-research', 'track-ui-ux', 'Pesquisa e Descoberta', 'Base para entender usuarios, tarefas e contexto.', 12, 1, true),
  ('module-ux-ia', 'track-ui-ux', 'Fluxos e Arquitetura', 'Estruture experiencias claras e navegaveis.', 14, 2, true),
  ('module-ux-system', 'track-ui-ux', 'Design System', 'Construa componentes, tokens e linguagem visual.', 16, 3, true),
  ('module-ux-prototype', 'track-ui-ux', 'Prototipos e Validacao', 'Teste hipoteses, documente e acompanhe entrega.', 14, 4, false),
  ('module-its-os', 'track-it-support', 'Base de Suporte Tecnico', 'SO, instalacoes, configuracao e atendimento.', 12, 1, true),
  ('module-its-network', 'track-it-support', 'Diagnostico de Rede', 'Conectividade, VPN, impressao e acesso.', 12, 2, true),
  ('module-its-process', 'track-it-support', 'Operacao de Service Desk', 'Tickets, runbooks, SLA e base de conhecimento.', 14, 3, true),
  ('module-its-endpoint', 'track-it-support', 'Gestao de Equipamentos', 'Inventario, seguranca, atualizacao e padronizacao.', 14, 4, false)
on conflict (id) do update set
  track_id = excluded.track_id,
  title = excluded.title,
  summary = excluded.summary,
  estimated_hours = excluded.estimated_hours,
  sort_order = excluded.sort_order,
  is_core = excluded.is_core,
  updated_at = timezone('utc', now());
